"","recno","HIP","RAhms","DEdms","Vmag","RA","DE","Plx","pmRA","pmDE","B.V","SpType"
"1",9347,9353,"02 00 09.02","+03 05 51.5",5.89,30.04,3.1,32.18,231.21,-255.2,0.61,"G2IV"
"2",9457,9463,"02 01 47.83","+13 01 28.2",10.16,30.45,13.02,24.83,-128.28,-146.27,1.19,"K7V:"
"3",9467,9473,"02 01 52.40","+07 51 52.2",7.06,30.47,7.86,21.43,121.23,-49.33,0.51,"F2"
"4",9481,9487,"02 02 02.80","+02 45 49.5",3.82,30.51,2.76,23.45,33.29,-0.42,0.02,"A2"
"5",9482,9488,"02 02 03.37","+03 56 27.9",10.48,30.51,3.94,25.12,-338.69,-325.39,1.25,"K7V:"
"6",9486,9492,"02 02 07.17","+22 06 15.2",7.21,30.53,22.1,18.56,8.18,-51.16,0.5,"F8V"
"7",9513,9519,"02 02 26.71","+02 48 57.2",8.18,30.61,2.82,21.24,34.96,-8.54,0.65,"F8"
"8",9570,9576,"02 03 01.60","+03 21 29.8",6.88,30.76,3.36,20.63,220.25,138.03,0.66,"G0"
"9",9592,9599,"02 03 28.21","+09 53 12.7",11.86,30.87,9.89,23.48,170.12,-4.47,1.38,"K7"
"10",9600,9607,"02 03 32.80","+12 35 05.4",11.54,30.89,12.58,21.7,382.01,-53.82,1.34,"K7V:"
"11",9614,9621,"02 03 39.26","+25 56 07.6",5.64,30.91,25.94,18.9,125.66,9.27,0.54,"F8IV"
"12",9675,9683,"02 04 34.36","+25 24 53.0",7.43,31.14,25.41,26.91,-107.81,-175.26,0.71,"K0"
"13",9701,9709,"02 04 53.44","+11 24 18.1",8.8,31.22,11.41,20.35,59.62,60.6,0.73,"G5"
"14",9706,9714,"02 04 58.47","+22 48 11.2",9.51,31.24,22.8,19.49,359.62,-345.4,0.89,"K1"
"15",9734,9742,"02 05 19.13","+00 19 22.5",8.68,31.33,0.32,20.85,1.4,-26.91,0.68,"G5V"
"16",9754,9762,"02 05 30.18","+05 41 50.1",12.02,31.38,5.7,26.21,104.43,-282.73,1.43,"M1V:"
"17",9756,9764,"02 05 31.67","+12 10 07.9",10.03,31.38,12.17,20.89,-15.1,-81.04,1,"K8"
"18",9912,9920,"02 07 42.19","+07 57 31.9",11.22,31.93,7.96,22.44,-10.92,-135.87,1.27,"K7V:"
"19",9963,9972,"02 08 23.75","+28 18 20.8",10.62,32.1,28.31,25.58,241.03,-300.1,0.71,""
"20",9964,9971,"02 08 23.77","+28 18 41.5",9.96,32.1,28.31,18.62,226.7,-303.03,0.82,"G5"
"21",10042,10050,"02 09 23.03","+17 13 28.7",6.4,32.35,17.22,25.47,136.08,-186.23,0.47,"F5V"
"22",10167,10175,"02 10 52.01","+13 41 00.4",7.63,32.72,13.68,20.41,111.71,-73.24,0.7,"G5+..."
"23",10204,10212,"02 11 21.16","+08 34 12.3",5.64,32.84,8.57,23.52,-141.2,-114.26,0.57,"G0IV"
"24",10210,10218,"02 11 22.98","+21 22 38.6",7.33,32.85,21.38,30.76,274.6,-12.41,0.68,"G5V"
"25",10250,10258,"02 11 58.07","+04 21 42.5",9.7,32.99,4.36,20.55,-146.48,-78.57,1.04,"K7V:"
"26",10264,10272,"02 12 15.33","+23 57 30.9",7.71,33.06,23.96,30.99,127.12,-160.41,1.13,"K1III-IV"
"27",10268,10276,"02 12 18.10","+21 58 58.2",8.46,33.08,21.98,29.52,-115.07,-60.32,0.78,"G5"
"28",10298,10306,"02 12 47.98","+21 12 39.5",5.23,33.2,21.21,33.19,162.52,4.07,0.46,"F5V"
"29",10502,10510,"02 15 27.15","+27 21 27.4",8.12,33.86,27.36,26.89,286.65,-138.55,0.71,"G8V"
"30",10526,10535,"02 15 42.83","+25 02 35.7",5.57,33.93,25.04,20.77,-88.69,-87.16,0.52,"F6V"
"31",10533,10540,"02 15 45.94","+25 46 59.2",5.79,33.94,25.78,24.93,176.41,-66.38,0.44,"F6IV-V"
"32",10544,10552,"02 15 53.47","+06 37 35.3",8.99,33.97,6.63,26.37,-114.08,-54.72,1.09,"K7V:"
"33",10591,10599,"02 16 27.60","+12 22 49.1",7.99,34.11,12.38,29.35,226.46,-220.44,0.79,"G5"
"34",10608,10616,"02 16 40.56","+06 31 45.9",9.41,34.17,6.53,18.18,25.09,-28.99,0.85,"K7"
"35",10671,10679,"02 17 24.68","+28 44 31.0",7.75,34.35,28.74,29.4,98.15,-67.41,0.62,"G2V"
"36",10672,10680,"02 17 25.23","+28 44 42.8",6.99,34.36,28.75,25.37,94.34,-72.17,0.52,"F5V"
"37",10674,10682,"02 17 26.41","+27 08 16.4",10.93,34.36,27.14,18.51,200.47,-260.14,1.06,"G8V"
"38",10802,10810,"02 19 08.73","+19 41 16.8",6.82,34.79,19.69,29.74,-22.17,-125.56,0.57,"F8"
"39",10913,10921,"02 20 39.17","+13 40 12.8",9.12,35.16,13.67,18.4,257.45,-40.57,0.79,"K0"
"40",11020,11028,"02 22 00.87","+04 44 47.6",8.26,35.5,4.75,25.23,-21.68,78.98,0.72,"G0"
"41",11075,11083,"02 22 41.49","+18 24 37.6",8.83,35.67,18.41,29.51,261.72,86.19,0.91,"K0"
"42",11143,11152,"02 23 26.58","+22 44 07.7",11.09,35.86,22.74,32.56,92.74,-113.42,NA,""
"43",11148,11157,"02 23 32.22","+19 37 55.4",8.97,35.88,19.63,18.6,68.4,4.02,0.68,"G5"
"44",11173,11182,"02 24 00.27","+04 52 18.3",10.35,36,4.87,26.69,-31.48,21.46,1.2,"K7V:"
"45",11308,11317,"02 25 40.07","+28 45 58.9",9.04,36.42,28.77,28.1,169,-97.63,0.96,"K8"
"46",11351,11360,"02 26 16.19","+06 17 33.6",6.79,36.57,6.29,22.33,86.09,-50.13,0.4,"F2"
"47",11418,11427,"02 27 23.56","+10 11 55.7",6.45,36.85,10.2,27.5,-294.97,-202.12,0.45,"F5V"
"48",11428,11437,"02 27 29.20","+30 58 25.2",10.12,36.87,30.97,23.66,79.5,-70.09,1.21,"K8"
"49",11434,11443,"02 27 33.31","+07 42 45.1",9.91,36.89,7.71,29.13,104.5,-190.56,0.95,"K8"
"50",11475,11484,"02 28 09.52","+08 27 36.3",4.3,37.04,8.46,18.53,41.72,-14.46,-0.05,"B9III"
"51",11477,11486,"02 28 09.99","+29 40 10.3",5.29,37.04,29.67,21.01,-14.81,-85.5,0.31,"F0III"
"52",11498,11507,"02 28 22.93","+01 28 54.4",8.56,37.1,1.48,21.8,-13.87,-92.19,0.7,"G5"
"53",11539,11548,"02 28 48.54","+29 55 53.7",5.89,37.2,29.93,32.48,-65.37,72.52,0.59,"G0V"
"54",11661,11670,"02 30 32.31","+25 14 06.8",5.88,37.63,25.24,19.59,61.69,-72.93,0.41,"F6IV"
"55",11698,11707,"02 31 03.06","+08 22 55.9",10.9,37.76,8.38,28.19,375.11,-87,1.34,"K7V:"
"56",11719,11728,"02 31 24.08","+22 05 14.4",8.03,37.85,22.09,23.9,144.9,62.2,0.67,"G0"
"57",11806,11815,"02 32 23.10","+03 22 57.3",11.74,38.1,3.38,21.71,138.87,19.17,1.36,"K7"
"58",11853,11862,"02 33 04.43","+07 49 43.1",12,38.27,7.83,27.61,216.03,-78.3,1.5,"M2V:"
"59",11931,11941,"02 34 03.53","+12 10 51.4",7.49,38.51,12.18,23.21,181.42,-34.59,0.67,"G0"
"60",11972,11983,"02 34 34.73","+05 26 51.7",9.81,38.64,5.45,24.8,-292.15,-575.08,0.91,"K3V"
"61",12023,12034,"02 35 10.39","+04 07 25.9",8.15,38.79,4.12,18.5,196.47,-109.83,0.54,"G0"
"62",12076,12087,"02 35 47.57","+06 36 15.4",10.51,38.95,6.6,20.6,302.21,31,1.08,"K7V:"
"63",12131,12142,"02 36 30.90","+17 43 06.6",12.33,39.13,17.72,24.16,232.38,-168.76,0.8,""
"64",12142,12153,"02 36 37.75","+12 26 52.2",5.64,39.16,12.45,28.4,279.53,-85.4,0.52,"F7V"
"65",12144,12155,"02 36 38.45","+12 12 29.5",11.73,39.16,12.21,21.56,233.51,-64.48,1.35,"M0V:"
"66",12173,12184,"02 36 57.64","+24 38 53.1",7.1,39.24,24.65,25.36,150.58,-12.55,0.41,"F4V"
"67",12178,12189,"02 37 00.44","+24 38 50.1",6.48,39.25,24.65,24.92,137.08,-14.18,0.51,"F6III"
"68",12295,12306,"02 38 28.19","+30 49 03.2",7.36,39.62,30.82,27.89,-487.55,-387.37,0.58,"G0V"
"69",12435,12447,"02 40 15.66","+06 06 43.0",6.26,40.07,6.11,25.24,51.42,-3.79,0.4,"F3V:"
"70",12533,12545,"02 41 25.84","+05 59 18.9",10.28,40.36,5.99,24.67,82.32,-55.14,1.46,"M0"
"71",12630,12642,"02 42 25.43","+18 14 41.3",11.98,40.61,18.24,28.38,216.97,110.83,NA,""
"72",12775,12787,"02 44 21.32","+10 57 41.6",10.98,41.09,10.96,29.78,66.21,-34.97,1.4,"M0"
"73",12820,12832,"02 44 57.51","+12 26 45.5",5.17,41.24,12.45,26.15,124.1,-84.8,0.23,"A7III-IV"
"74",12845,12856,"02 45 16.73","+05 33 39.6",10.58,41.32,5.56,28.45,45.25,-213.24,1.1,"K7V:"
"75",12850,12862,"02 45 20.87","+04 42 42.2",6.04,41.34,4.71,19.5,69.35,-41.63,0.31,"F0III:"
"76",13014,13026,"02 47 26.98","+01 03 33.4",7.93,41.86,1.06,18.83,-36.66,41.87,0.5,"F5"
"77",13015,13027,"02 47 27.35","+19 22 20.0",6.9,41.86,19.37,30.66,117.81,-160.26,0.68,"G0"
"78",13049,13061,"02 47 54.44","+29 14 50.7",4.52,41.98,29.25,18.06,148.42,-125.76,1.11,"K1III"
"79",13105,13117,"02 48 43.22","+00 02 03.5",11.69,42.18,0.03,29.67,494.62,78.24,1.46,""
"80",13161,13173,"02 49 25.56","+07 51 59.3",12.04,42.36,7.87,20.51,-65.09,23.31,1.44,"K7"
"81",13197,13209,"02 49 58.99","+27 15 38.8",3.61,42.5,27.26,20.45,65.47,-116.59,-0.1,"B8Vn"
"82",13279,13291,"02 51 04.20","+30 17 12.6",7.56,42.77,30.29,21.22,127.23,-32.9,0.58,"G0V"
"83",13397,13410,"02 52 39.90","+05 43 04.8",10.32,43.17,5.72,22.84,-78.92,-300.21,1.03,"K7V:"
"84",13400,13412,"02 52 41.33","+03 16 50.1",12.08,43.17,3.28,25.49,102.51,-6.79,1.46,"M1"
"85",13588,13600,"02 55 16.21","+17 53 30.3",8.83,43.82,17.89,18.89,117.79,-13.2,0.7,"K0"
"86",13632,13644,"02 55 41.07","+28 07 48.8",11.05,43.92,28.13,27.57,271.78,-149.87,1.4,"K7"
"87",13662,13674,"02 56 07.25","+07 55 21.5",9.93,44.03,7.92,19.81,186.3,-46.04,1.06,"K0"
"88",13666,13678,"02 56 12.04","+13 54 47.5",9.03,44.05,13.91,23.04,-82.41,-72.34,0.81,"K0"
"89",13667,13679,"02 56 13.73","+08 22 54.4",5.97,44.06,8.38,22.46,69.83,-88.32,0.48,"F7IV"
"90",13690,13702,"02 56 25.98","+18 01 25.1",5.58,44.11,18.02,28.24,281.23,-218.84,0.47,"F6V"
"91",13738,13750,"02 57 00.67","+10 09 44.0",7.9,44.25,10.16,25.66,-61.71,-76.05,0.6,"F5"
"92",13761,13773,"02 57 14.90","+01 53 15.3",7.56,44.31,1.89,20.12,99.25,-101.38,0.58,"G0V"
"93",13794,13806,"02 57 46.55","+29 39 41.7",8.92,44.44,29.66,25.77,188.82,-46.08,0.86,"G5"
"94",13822,13834,"02 58 05.08","+20 40 07.7",5.8,44.52,20.67,31.41,234.79,-31.64,0.42,"F5IV"
"95",14011,14023,"03 00 35.69","+05 59 11.2",8.11,45.15,5.99,30.87,698.12,-157.87,0.84,"K0V"
"96",14163,14175,"03 02 46.44","+12 21 14.4",10.21,45.69,12.35,19.33,196.19,14.14,1.38,""
"97",14199,14211,"03 03 13.68","+22 22 11.1",10.78,45.81,22.37,23.43,26.62,40.59,1.14,"M0"
"98",14218,14230,"03 03 28.58","+23 03 41.3",7.09,45.87,23.06,29.62,111.75,3.47,0.62,"G0"
"99",14220,14232,"03 03 30.11","+28 16 11.8",6.38,45.88,28.27,20.01,66.87,-20.64,0.31,"F0V"
"100",14246,14258,"03 03 50.68","+06 07 59.4",6.92,45.96,6.13,31.75,231.78,48.42,0.55,"F8"
"101",14582,14594,"03 08 25.72","+26 19 58.7",8.04,47.11,26.33,25.85,-209.55,-830.33,0.49,"A4p"
"102",14602,14614,"03 08 44.26","+15 20 07.1",7.85,47.18,15.34,24.44,68.85,-194.89,0.64,"G8V"
"103",14693,14705,"03 09 59.73","+15 22 26.1",9.06,47.5,15.37,21.3,-96.99,-281.02,0.83,"K0IV-V"
"104",14699,14711,"03 10 04.20","+12 59 50.0",11.13,47.52,13,20.47,-120.41,-164.81,1.01,""
"105",14791,14803,"03 11 10.18","+09 11 47.5",11.31,47.79,9.2,19.13,238.1,-71.82,1.25,"K7V:"
"106",14793,14805,"03 11 11.49","+30 07 41.0",11.41,47.8,30.13,19.1,182.03,-125.26,0.67,""
"107",14795,14807,"03 11 12.30","+22 25 23.9",10.55,47.8,22.42,19.36,59.21,-129.85,NA,""
"108",14797,14809,"03 11 13.81","+22 24 58.2",8.51,47.81,22.42,20.24,56.04,-125.11,0.71,"G5"
"109",14798,14810,"03 11 14.23","+21 05 51.0",8.52,47.81,21.1,18.91,-3.01,-53.57,0.78,"G5"
"110",14826,14838,"03 11 37.67","+19 43 36.1",4.35,47.91,19.73,19.44,154.61,-8.39,1.03,"K2IIIvar"
"111",14962,14974,"03 13 02.12","+20 43 48.2",8.65,48.26,20.73,19.2,-44.39,-65.23,0.62,"G5"
"112",15008,15020,"03 13 36.59","+07 42 33.9",11.9,48.4,7.71,24.82,-130.88,-300.64,1.44,"K7V:"
"113",15050,15062,"03 14 04.80","+18 18 15.7",8.12,48.52,18.3,24.52,-15.3,-227.78,0.62,"G5"
"114",15062,15074,"03 14 17.64","+09 07 52.0",11.16,48.57,9.13,18.08,273.8,-81.77,1.16,"M0V:"
"115",15265,15278,"03 17 06.45","+24 02 06.5",8.96,49.28,24.04,18.4,107.1,6.09,0.72,"G5"
"116",15287,15300,"03 17 22.74","+26 18 54.5",11.11,49.34,26.32,29.49,182.9,-47.44,1.41,"M0"
"117",15291,15304,"03 17 26.29","+07 39 21.0",7.38,49.36,7.66,20.2,169.3,-7.64,0.57,"F8"
"118",15297,15310,"03 17 32.68","+07 41 24.6",7.78,49.39,7.69,21.64,170.41,-7.48,0.62,"G0"
"119",15361,15374,"03 18 15.03","+09 14 42.4",11.91,49.56,9.25,24.54,123.52,15.81,1.34,"M0V:"
"120",15368,15381,"03 18 20.03","+18 10 18.8",7.52,49.58,18.17,19.19,-82.92,-103.63,0.64,"G0"
"121",15388,15401,"03 18 35.12","+10 18 45.3",12.25,49.65,10.31,22.66,147.35,-80.83,1.49,"M1V:"
"122",15557,15572,"03 20 36.83","+09 02 01.3",8.46,50.15,9.03,19.71,287.04,-62.85,0.69,"G0"
"123",15706,15720,"03 22 27.99","+27 09 22.4",11.03,50.62,27.16,29.75,218.4,-64.05,1.43,""
"124",15710,15724,"03 22 32.55","+17 43 31.5",8.83,50.64,17.73,23.55,40.02,-29.15,0.88,"K0"
"125",15861,15875,"03 24 28.63","+06 59 06.3",10.28,51.12,6.99,24.7,-25.72,-30.67,1.28,"K7V:"
"126",16028,16042,"03 26 35.36","+28 42 55.2",6.47,51.65,28.72,19.91,41.35,-104.29,0.88,"G5IV"
"127",16130,16144,"03 28 02.11","+22 01 25.9",11.41,52.01,22.02,24.37,341.88,-321.48,1.41,"M1"
"128",16213,16227,"03 29 03.86","+01 40 07.4",11.81,52.27,1.67,21.2,322.67,14.8,1.4,"M0V:"
"129",16315,16329,"03 30 30.33","+20 06 12.3",8.29,52.63,20.1,21.61,155.02,-63.38,0.74,"G5"
"130",16390,16405,"03 31 15.49","+20 46 06.8",8.08,52.81,20.77,20.04,-112.36,-196.42,0.68,"G5"
"131",16515,16529,"03 32 49.98","+23 41 32.2",8.88,53.21,23.69,22.78,160.99,-40.55,0.84,"G5"
"132",16524,16538,"03 32 57.55","+16 35 55.2",7.03,53.24,16.6,18.16,-22.39,-96.1,0.5,"F5"
"133",16545,16560,"03 33 13.31","+07 27 10.9",11.17,53.31,7.45,29.74,-65.97,-70.07,1.37,"K7V:"
"134",16627,16641,"03 34 08.32","+17 50 00.9",6.14,53.53,17.83,23.57,95.5,-310.56,0.89,"K1IVe..."
"135",16772,16786,"03 36 00.33","+08 45 36.5",12.45,54,8.76,22.94,25.99,23.86,1.44,"K7"
"136",16774,16788,"03 36 03.35","+16 28 05.1",7.65,54.01,16.47,22.25,-284.52,-276.33,0.58,"G0"
"137",16865,16879,"03 37 10.88","+25 59 30.3",7.28,54.3,25.99,26.78,237.51,-271.85,0.7,"G2V SB"
"138",16894,16908,"03 37 34.89","+21 20 35.7",9.35,54.4,21.34,25.23,141.55,-27.39,0.92,"G5"
"139",17010,17024,"03 38 58.74","+00 47 47.7",8.66,54.74,0.8,20.54,54.97,-21.45,0.71,"G0"
"140",17062,17076,"03 39 33.48","+18 23 07.4",8.24,54.89,18.39,27.18,188.2,-193.16,0.81,"G5"
"141",17258,17272,"03 41 55.11","+00 32 35.4",10.97,55.48,0.54,19.32,108.03,-195.77,NA,"K0"
"142",17291,17305,"03 42 15.91","+22 47 11.9",7.4,55.57,22.79,18.79,21.57,-75.5,0.43,"F2"
"143",17458,17472,"03 44 39.46","+10 10 42.6",8.62,56.16,10.18,20.41,170.32,-231.35,0.66,"G5"
"144",17752,17766,"03 48 11.76","+07 08 46.4",10.85,57.05,7.15,24.02,173.16,4.87,1.34,"M1"
"145",17780,17794,"03 48 32.88","+15 12 08.0",9.45,57.14,15.2,28.41,95.08,-89.59,1.08,"K8"
"146",17874,17888,"03 49 35.46","+01 20 59.1",8.58,57.4,1.35,29.96,263.67,-615.78,0.82,"K1V"
"147",17914,17928,"03 50 03.36","+22 35 30.4",7.29,57.51,22.59,26.91,155.06,-63.56,0.54,"F5"
"148",17922,17936,"03 50 08.85","+06 37 14.8",7.72,57.54,6.62,30.74,59.66,-40.52,0.68,"G0"
"149",17946,17960,"03 50 22.90","+17 28 37.1",7.5,57.6,17.48,21.5,114.24,-252.31,0.65,"G0"
"150",17948,17962,"03 50 24.89","+17 14 47.6",9.46,57.6,17.25,21.37,130.19,-23.3,0.78,"K0Vea + DA"
"151",18004,18018,"03 51 03.02","+23 54 13.6",10.17,57.76,23.9,24.72,150.93,-46.61,1.16,"K7"
"152",18091,18106,"03 52 11.48","+25 09 48.5",6.77,58.05,25.16,25.34,-121.53,-163.78,0.58,"G0"
"153",18156,18170,"03 53 09.96","+17 19 37.8",5.97,58.29,17.33,24.14,143.97,-29.93,0.35,"F4V"
"154",18237,18253,"03 54 15.86","+08 33 31.8",11.94,58.57,8.56,24.61,238.12,-67.02,1.46,"M0V:"
"155",18245,18261,"03 54 22.62","+01 15 42.9",7.97,58.59,1.26,22.13,22.34,-117.01,0.63,"G0"
"156",18306,18322,"03 55 01.36","+12 29 08.2",10.12,58.76,12.49,26.49,127.58,-9.65,1.07,"M0"
"157",18311,18327,"03 55 06.41","+16 59 54.7",8.99,58.78,17,24.16,148.37,-25.09,0.9,"K2"
"158",18417,18433,"03 56 28.62","+22 40 29.9",7.84,59.12,22.67,21.41,174.27,-233.12,0.69,"G0"
"159",18455,18471,"03 56 52.03","+22 28 41.7",5.62,59.22,22.48,22.31,69.43,-114.82,0.35,"F2IV"
"160",18515,18531,"03 57 47.20","+22 55 27.7",8.78,59.45,22.92,27.72,157.34,11,NA,"K0"
"161",18642,18658,"03 59 40.41","+10 19 49.5",6.35,59.92,10.33,25.42,133.06,-3.5,0.42,"F5V"
"162",18719,18735,"04 00 48.69","+18 11 38.6",5.89,60.2,18.19,21.99,129.49,-28.27,0.32,"F4V..."
"163",18877,18893,"04 02 59.45","+09 12 32.0",6.91,60.75,9.21,22.7,93.22,-162.79,0.47,"F8"
"164",18891,18907,"04 03 09.38","+05 59 21.5",3.91,60.79,5.99,25.24,5.52,-1.63,0.03,"A1V"
"165",18931,18946,"04 03 38.96","+19 27 18.3",10.12,60.91,19.46,23.07,119.02,-34.19,1.1,"K5"
"166",18949,18965,"04 03 50.66","+29 11 52.9",8.18,60.96,29.2,28.44,247.71,-128.33,0.83,"K1V"
"167",18959,18975,"04 03 56.51","+08 11 49.9",5.45,60.99,8.2,27.8,168.35,27.98,0.37,"F2V"
"168",18977,18993,"04 04 09.79","+02 49 38.1",5.36,61.04,2.83,28.87,149.52,-125.67,0.51,"F6IV"
"169",19008,19024,"04 04 30.79","+00 14 47.2",8.32,61.13,0.25,21.76,-202.7,-354.63,0.77,"G5"
"170",19021,19038,"04 04 41.66","+22 04 55.4",4.36,61.17,22.08,18.04,91.73,-58.52,1.06,"K0III"
"171",19081,19098,"04 05 39.60","+17 56 16.0",9.31,61.41,17.94,19.81,126.34,-29.13,0.89,"K2"
"172",19100,19117,"04 05 54.28","+11 57 58.1",10.06,61.48,11.97,29.02,216.53,17.79,1.12,"M1"
"173",19131,19148,"04 06 16.06","+15 41 53.4",7.85,61.57,15.7,21.41,118.53,-19.59,0.59,"G0"
"174",19166,19183,"04 06 41.51","+01 41 02.9",7.83,61.67,1.68,18.09,39.03,-94.1,0.48,"F5"
"175",19190,19207,"04 07 01.15","+15 20 06.3",10.49,61.75,15.34,23.57,122.63,-18.96,1.18,"K5"
"176",19240,19257,"04 07 39.47","+09 29 38.8",11.49,61.91,9.49,18.55,-50.75,-35.61,1.17,"M0"
"177",19244,19261,"04 07 41.91","+15 09 46.2",6.02,61.92,15.16,21.27,127.06,-22.75,0.4,"F3V"
"178",19246,19263,"04 07 43.12","+16 31 07.9",9.94,61.93,16.52,19.7,123.1,-25.25,1.01,"K0"
"179",19299,19316,"04 08 26.60","+12 11 30.7",11.28,62.11,12.19,24.9,115.35,-13.05,1.33,""
"180",19309,19325,"04 08 30.80","+12 20 19.4",8.61,62.13,12.34,31.12,154.82,-336.33,0.9,"K0"
"181",19424,19441,"04 09 49.26","+09 18 19.8",10.1,62.46,9.31,29.78,156.7,-2.81,1.19,"K5V"
"182",19455,19472,"04 10 13.80","+17 22 07.7",9.07,62.56,17.37,29.88,414.43,-152.23,1.07,"K5"
"183",19464,19481,"04 10 21.62","+12 04 38.6",8.11,62.59,12.08,23.85,168.24,89.45,0.74,"K0"
"184",19487,19504,"04 10 42.29","+18 25 24.0",6.61,62.68,18.42,23.22,123.92,-31.41,0.43,"F6V"
"185",19537,19554,"04 11 20.20","+05 31 22.9",5.71,62.83,5.52,25.89,146.86,5,0.36,"F4V"
"186",19574,19591,"04 11 56.13","+23 38 11.3",9.38,62.98,23.64,27.21,137.76,-54.42,1.09,"K0"
"187",19702,19719,"04 13 33.11","+07 42 57.7",5.29,63.39,7.72,27.04,-3.99,4.45,0.37,"F3V..."
"188",19750,19767,"04 14 18.09","+12 20 53.7",6.74,63.58,12.35,27.98,341.22,-59.45,0.68,"G2V"
"189",19764,19781,"04 14 25.59","+14 37 30.3",8.45,63.61,14.63,21.91,105.61,-19.86,0.69,"G5V"
"190",19770,19786,"04 14 27.19","+12 26 07.2",8.05,63.61,12.44,22.19,117.48,-9.35,0.64,"G0"
"191",19771,19788,"04 14 30.24","+03 01 17.0",8.78,63.63,3.02,30.02,105.73,272.07,0.94,"K3V"
"192",19772,19789,"04 14 30.36","+22 27 07.0",7.05,63.63,22.45,18.12,95.09,-34.1,0.42,"F5V"
"193",19776,19793,"04 14 32.24","+23 34 30.2",8.05,63.63,23.58,21.69,121.09,-48.34,0.66,"G3V"
"194",19779,19796,"04 14 34.27","+10 42 05.0",7.11,63.64,10.7,21.08,119.81,-5.22,0.51,"F8V"
"195",19791,19808,"04 14 51.86","+13 03 18.0",10.69,63.72,13.05,22.67,114.46,-19.28,1.2,"K5"
"196",19818,19834,"04 15 10.34","+14 23 54.6",11.56,63.79,14.4,31.94,118.87,-11.92,1.36,"K2"
"197",19845,19862,"04 15 33.61","+15 42 22.8",10.96,63.89,15.71,31.11,112.78,-25.84,0.92,"M2"
"198",19853,19870,"04 15 42.37","+20 49 11.6",7.83,63.93,20.82,19.48,111.21,-36.57,0.71,"G4V"
"199",19860,19877,"04 15 46.21","+15 24 02.7",6.31,63.94,15.4,22.51,114.38,-22.07,0.4,"F5Vvar"
"200",19894,19911,"04 16 16.55","+07 09 34.5",7.5,64.07,7.16,28.69,-90.8,-42.66,0.66,"G0"
"201",19895,19912,"04 16 18.63","+08 43 12.7",9.84,64.08,8.72,26.49,-85.23,-314.09,1.15,"K7V"
"202",19916,19934,"04 16 33.41","+21 54 27.2",9.14,64.14,21.91,19.48,105.61,-37.59,0.81,"K0V"
"203",19964,19981,"04 17 06.80","+22 40 24.3",9.77,64.28,22.67,30.56,117.96,-42.19,1.23,"K5"
"204",19995,20012,"04 17 27.65","+23 28 09.0",11.36,64.37,23.47,28.68,488.16,-289.14,1.24,"K3:"
"205",20002,20019,"04 17 38.87","+16 56 52.5",8.32,64.41,16.95,21.4,113.07,-21.39,0.76,"G8V"
"206",20039,20056,"04 18 01.77","+18 15 24.8",7.53,64.51,18.26,21.84,115.65,-31.23,0.68,"G5V"
"207",20065,20082,"04 18 19.20","+16 05 18.2",9.57,64.58,16.09,20.01,121.88,-19.72,0.98,"K3V"
"208",20067,20084,"04 18 20.76","+20 21 37.7",10.46,64.59,20.36,25.45,-51.18,27.58,1.29,"K5"
"209",20069,20086,"04 18 21.92","+17 25 18.3",10.01,64.59,17.42,19.57,120.57,-40.55,1.1,"K2"
"210",20070,20087,"04 18 23.14","+21 34 45.8",5.64,64.6,21.58,18.25,96.42,-33.92,0.28,"F0V"
"211",20113,20130,"04 18 57.90","+19 54 24.4",8.62,64.74,19.91,23.53,113.95,-36.39,0.75,"G9V"
"212",20129,20146,"04 19 07.94","+17 31 29.4",8.47,64.78,17.52,21.24,112.8,-29.89,0.72,"G8V"
"213",20143,20160,"04 19 15.83","+29 06 27.1",11.96,64.82,29.11,18.98,5.28,-33.13,NA,"K3Ve-M0Ve(T)"
"214",20170,20187,"04 19 36.77","+12 37 27.7",9.81,64.9,12.62,20.13,168.47,-19.23,0.92,"K2"
"215",20188,20205,"04 19 47.53","+15 37 39.7",3.65,64.95,15.63,21.17,115.29,-23.86,0.98,"G8III"
"216",20198,20215,"04 19 54.78","+16 31 21.6",6.85,64.98,16.52,23.27,121.27,-36.65,0.51,"F7V+..."
"217",20202,20219,"04 19 57.63","+14 02 06.9",5.58,64.99,14.04,22.31,115.42,-19.91,0.28,"F3V..."
"218",20220,20237,"04 20 12.90","+19 14 00.8",7.46,65.05,19.23,22.27,115.67,-34.02,0.56,"G0V"
"219",20238,20255,"04 20 25.04","+18 44 33.8",6.11,65.1,18.74,21.12,119.59,-48.17,0.4,"F3:V..."
"220",20244,20261,"04 20 36.24","+15 05 43.8",5.26,65.15,15.1,21.2,108.79,-20.67,0.23,"F0V"
"221",20267,20284,"04 20 52.66","+13 51 52.1",6.15,65.22,13.86,21.8,105.29,-17.97,0.46,"F6V..."
"222",20332,20349,"04 21 31.58","+21 02 23.9",6.79,65.38,21.04,19.55,105.2,-36,0.43,"F5V"
"223",20333,20350,"04 21 32.20","+18 25 03.6",6.8,65.38,18.42,19.83,111.05,-31.69,0.44,"F6V"
"224",20340,20357,"04 21 34.73","+14 24 35.4",6.6,65.39,14.41,19.46,105.19,-19.11,0.41,"F5V"
"225",20380,20397,"04 22 00.93","+12 30 32.1",9.27,65.5,12.51,19.15,29.73,66.31,0.69,"G0"
"226",20383,20400,"04 22 03.45","+14 04 38.1",5.72,65.51,14.08,21.87,114.04,-21.4,0.32,"A3m"
"227",20402,20419,"04 22 25.62","+11 18 20.6",9.79,65.61,11.31,19.17,115.03,-6.69,1.18,"K8"
"228",20423,20440,"04 22 44.10","+15 03 22.1",6.97,65.68,15.06,21.45,111.98,-19.88,0.52,"G0V"
"229",20424,20441,"04 22 44.67","+16 47 27.7",7.86,65.69,16.79,26.96,173.3,4.67,0.68,"G4V"
"230",20438,20455,"04 22 56.03","+17 32 33.3",3.77,65.73,17.54,21.29,107.75,-28.84,0.98,"G8III"
"231",20462,20480,"04 23 22.27","+21 22 45.1",8.84,65.84,21.38,20.63,99.77,-39.07,0.76,"G9V"
"232",20466,20484,"04 23 25.00","+16 46 38.4",5.64,65.85,16.78,21.17,105.09,-27.62,0.31,"A1m"
"233",20467,20485,"04 23 25.20","+15 45 47.5",10.47,65.86,15.76,21.08,126.22,-30.5,1.23,"K5V"
"234",20473,20491,"04 23 30.34","+24 24 19.8",7.18,65.88,24.41,20.04,93.11,-45.08,0.46,"F5"
"235",20474,20492,"04 23 32.27","+14 40 13.9",9.11,65.88,14.67,21.23,107.57,-18.24,0.86,"K1V"
"236",20509,20527,"04 23 54.34","+14 03 07.7",10.89,65.98,14.05,22.57,115.9,-15.21,1.29,"K5.5Ve"
"237",20510,20528,"04 23 55.15","+27 49 21.5",10.97,65.98,27.82,19.26,-21.18,-39.64,1.21,"K8"
"238",20524,20542,"04 24 05.69","+17 26 39.2",4.8,66.02,17.44,22.36,109.99,-33.47,0.15,"A7V"
"239",20535,20553,"04 24 12.40","+14 45 29.8",7.58,66.05,14.76,22.25,97.38,-33.51,0.6,"G1V"
"240",20540,20557,"04 24 14.50","+21 44 10.9",7.13,66.06,21.74,24.47,119.1,-46.63,0.52,"F8V"
"241",20545,20563,"04 24 16.87","+18 00 10.8",9.99,66.07,18,19.35,112.72,-33.2,1.05,"K4V"
"242",20549,20567,"04 24 22.21","+17 04 44.5",6.96,66.09,17.08,18.74,99.08,-27.93,0.45,"F6V"
"243",20559,20577,"04 24 28.26","+16 53 10.4",7.79,66.12,16.89,20.73,110.89,-24.72,0.6,"G2V"
"244",20587,20605,"04 24 47.99","+15 52 29.2",11.66,66.2,15.87,24.41,102.58,-26.06,1.41,"M0.5Ve"
"245",20596,20614,"04 24 57.06","+19 02 31.5",5.97,66.24,19.04,20.4,110.73,-32.5,0.38,"F4V"
"246",20598,20616,"04 25 00.30","+11 58 40.7",8.41,66.25,11.98,21,43.19,-16.32,0.64,"G0"
"247",20617,20635,"04 25 22.10","+22 17 38.3",4.21,66.34,22.29,21.27,105.49,-44.14,0.14,"A7IV-V"
"248",20624,20641,"04 25 24.94","+22 12 00.4",5.27,66.35,22.2,22.65,112.45,-47.06,0.25,"A7V"
"249",20631,20648,"04 25 29.32","+17 55 40.8",4.3,66.37,17.93,22.05,108.26,-32.47,0.05,"A2IV"
"250",20634,20652,"04 25 30.86","+26 17 32.8",11.06,66.38,26.29,21.93,35.04,-97.93,1.26,"K8"
"251",20643,20661,"04 25 37.25","+15 56 27.9",6.44,66.41,15.94,21.47,104.62,-28.83,0.51,"F7V"
"252",20661,20679,"04 25 47.49","+18 01 02.5",8.99,66.45,18.02,20.79,112.62,-35.79,0.94,"K2V"
"253",20668,20686,"04 25 51.66","+18 51 50.9",8.07,66.47,18.86,23.08,110.87,-33.75,0.68,"G5V"
"254",20675,20693,"04 25 57.28","+05 09 00.5",7.36,66.49,5.15,22.03,96.32,4.55,0.51,"F5"
"255",20693,20711,"04 26 18.39","+22 48 49.3",4.28,66.58,22.81,21.07,108.66,-45.83,0.26,"A8Vn"
"256",20694,20712,"04 26 18.43","+21 28 13.9",7.36,66.58,21.47,21.54,105.82,-36.48,0.56,"F8V"
"257",20695,20713,"04 26 20.67","+15 37 06.0",4.48,66.59,15.62,20.86,114.66,-33.3,0.26,"F0V..."
"258",20701,20719,"04 26 24.54","+16 51 12.1",8.04,66.6,16.85,21.76,103.64,-17.58,0.65,"G1V"
"259",20723,20741,"04 26 40.05","+16 44 49.1",8.1,66.67,16.75,21.42,110.29,-27.82,0.66,"G8V"
"260",20727,20745,"04 26 42.75","+12 41 11.8",10.5,66.68,12.69,28.27,123.44,-16.78,1.36,"M0V"
"261",20733,20751,"04 26 48.19","+10 52 16.0",9.45,66.7,10.87,23.03,111.07,-16.26,1.03,"K5"
"262",20744,20762,"04 26 54.28","+13 08 17.6",10.48,66.73,13.14,21.83,104.54,-18.1,1.15,"K7"
"263",20758,20777,"04 27 02.79","+25 42 22.6",11.96,66.76,25.71,25.72,14.48,-26.38,1.47,"M0-M3Ve(T)"
"264",20797,20815,"04 27 35.83","+15 35 21.3",7.41,66.9,15.59,21.83,103.54,-25.16,0.54,"F8V"
"265",20807,20826,"04 27 46.01","+11 44 11.2",7.49,66.94,11.74,21.18,110.28,-12.11,0.56,"F8"
"266",20816,20834,"04 27 52.69","+24 26 40.2",9.4,66.97,24.44,24.05,375.08,114.38,0.89,"K3V"
"267",20824,20842,"04 28 00.72","+21 37 12.0",5.72,67,21.62,20.85,98.82,-40.59,0.27,"Am"
"268",20832,20850,"04 28 04.37","+13 52 04.7",9.02,67.02,13.87,21.29,106.16,-17.59,0.84,"K0V"
"269",20855,20873,"04 28 23.34","+14 44 27.7",5.9,67.1,14.74,18.42,109.72,-21.27,0.33,"F0IV"
"270",20867,20885,"04 28 34.43","+15 57 44.0",3.84,67.14,15.96,20.66,104.76,-15.01,0.95,"G7III"
"271",20871,20889,"04 28 36.93","+19 10 49.9",3.53,67.15,19.18,21.04,107.23,-36.77,1.01,"K0III"
"272",20872,20890,"04 28 37.15","+19 44 26.8",8.62,67.15,19.74,20.09,99.83,-39.82,0.74,"G8V"
"273",20876,20894,"04 28 39.67","+15 52 15.4",3.4,67.17,15.87,21.89,108.66,-26.39,0.18,"A7III"
"274",20877,20895,"04 28 39.78","+26 13 12.6",10.92,67.17,26.22,25,73.83,-36.86,1.39,"M0"
"275",20881,20899,"04 28 48.23","+17 17 07.9",7.83,67.2,17.29,21.09,105.58,-30.05,0.61,"G2V"
"276",20883,20901,"04 28 50.10","+13 02 51.5",5.02,67.21,13.05,20.33,105.17,-15.08,0.22,"A7V"
"277",20886,20904,"04 28 51.98","+30 21 41.5",6.38,67.22,30.36,18.42,23.05,-20.33,0.55,"F7V"
"278",20889,20907,"04 28 52.64","+30 21 53.6",8.21,67.22,30.36,21.46,14.18,-21.63,0.75,"G5"
"279",20898,20916,"04 28 59.72","+16 09 33.0",6.59,67.25,16.16,20.58,90.28,-25.47,0.54,"F7V+..."
"280",20917,20935,"04 29 20.49","+17 32 42.0",7.02,67.34,17.55,23.25,104.88,-31.65,0.53,"F7V"
"281",20930,20948,"04 29 30.29","+17 51 47.7",6.9,67.38,17.86,21.59,105.72,-32.56,0.45,"F6V"
"282",20933,20951,"04 29 31.54","+17 53 35.7",8.95,67.38,17.89,24.19,107,-33.31,0.83,"K0V"
"283",20961,20978,"04 29 57.66","+16 40 22.5",9.08,67.49,16.67,24.71,105.04,-28.33,0.87,"K1V"
"284",20977,20995,"04 30 08.53","+15 38 16.4",5.58,67.54,15.64,22.93,107.59,-23.92,0.32,"F0V..."
"285",20990,21008,"04 30 17.91","+19 50 26.3",7.09,67.57,19.84,19.94,94.9,-28.3,0.47,"F6V"
"286",20992,21010,"04 30 19.96","+28 07 54.4",6.51,67.58,28.13,25.18,139.28,47.91,0.72,"G5"
"287",21011,21029,"04 30 33.57","+16 11 38.7",4.78,67.64,16.19,22.54,104.98,-25.14,0.17,"A6IV"
"288",21018,21036,"04 30 37.30","+13 43 28.0",5.4,67.66,13.72,21.84,108.06,-19.71,0.26,"F0V"
"289",21021,21039,"04 30 38.83","+15 41 31.0",5.47,67.66,15.69,22.55,104.17,-24.29,0.26,"Am"
"290",21035,21053,"04 30 46.74","+16 08 55.5",6.5,67.69,16.15,24.28,98.2,-22.75,0.43,"F5V"
"291",21048,21066,"04 30 57.11","+10 45 06.5",7.03,67.74,10.75,22.96,104.19,-10.52,0.47,"F5"
"292",21074,21092,"04 31 11.44","+01 57 28.2",12.38,67.8,1.96,19.64,170.09,27.24,1.51,"M2V:"
"293",21081,21099,"04 31 15.63","+20 07 59.8",8.59,67.82,20.13,21.81,102.78,-41.08,0.73,"G8V"
"294",21085,21103,"04 31 16.51","+25 01 50.2",8.55,67.82,25.03,27.77,-53.84,-63.34,0.8,"G5"
"295",21094,21112,"04 31 29.29","+13 54 12.7",7.78,67.87,13.9,19.46,92.6,-19.96,0.54,"F9V"
"296",21105,21123,"04 31 37.04","+17 42 35.5",9.53,67.9,17.71,23.41,105.81,-30.97,0.99,"K2"
"297",21114,21132,"04 31 47.84","+14 09 17.9",10.33,67.95,14.15,28.36,-330.66,-352,0.43,"F0"
"298",21119,21137,"04 31 51.69","+15 51 05.9",6.01,67.97,15.85,22.25,107.59,-32.38,0.34,"F4V..."
"299",21134,21152,"04 32 04.74","+05 24 36.1",6.37,68.02,5.41,23.13,114.15,6.17,0.42,"F5V"
"300",21140,21158,"04 32 07.91","+21 37 56.5",7.08,68.03,21.63,25.55,-0.39,-2.75,0.64,"F5"
"301",21168,21186,"04 32 30.41","+04 08 23.8",11.03,68.13,4.14,24.04,51.61,-162.12,1.51,"M0V:"
"302",21238,21256,"04 33 37.11","+21 09 03.5",10.69,68.4,21.15,24.98,109.3,-45.31,1.24,"K8"
"303",21243,21261,"04 33 41.87","+19 00 50.8",10.74,68.42,19.01,21.06,102.3,-34.96,1.2,""
"304",21249,21267,"04 33 46.58","+13 15 06.9",6.62,68.44,13.25,22.8,101.77,-17.93,0.43,"F5V"
"305",21255,21273,"04 33 50.86","+14 50 40.2",4.65,68.46,14.84,21.39,103.69,-25.94,0.26,"A8V"
"306",21262,21280,"04 33 58.48","+15 09 49.3",8.48,68.49,15.16,24.02,101.93,-33.75,0.85,"G5"
"307",21290,21308,"04 34 30.13","+10 00 59.7",7.72,68.63,10.02,21.36,118.55,-68.94,0.62,"G5"
"308",21299,21317,"04 34 35.25","+15 30 16.9",7.9,68.65,15.5,23.19,100.66,-28.04,0.63,"G1V"
"309",21362,21380,"04 35 17.24","+23 02 43.2",8.91,68.82,23.05,23.09,-13.35,-67.89,0.77,"K1V"
"310",21384,21402,"04 35 39.23","+10 09 39.3",4.25,68.91,10.16,21.68,44.89,-52.42,0.18,"A5m"
"311",21418,21436,"04 36 13.94","+21 32 11.9",7.58,69.06,21.54,29.69,19.29,-41.36,0.69,"G5"
"312",21441,21459,"04 36 29.07","+23 20 27.5",6.01,69.12,23.34,22.6,109.97,-53.86,0.38,"F5IV"
"313",21456,21474,"04 36 40.66","+15 52 09.8",6.64,69.17,15.87,22.99,93.78,-23.02,0.44,"F5V"
"314",21457,21475,"04 36 41.19","+11 54 44.8",9.94,69.17,11.91,18.93,165.74,-29.14,0.85,"K0"
"315",21525,21543,"04 37 31.93","+15 08 47.4",7.53,69.38,15.15,23.54,86.8,-17.98,0.6,"G1V"
"316",21570,21588,"04 38 09.38","+16 02 00.2",5.78,69.54,16.03,21.96,113.05,-40.4,0.31,"F0V"
"317",21571,21589,"04 38 09.40","+12 30 39.1",4.27,69.54,12.51,21.79,101.73,-14.9,0.12,"A6V"
"318",21619,21637,"04 38 51.23","+23 09 00.4",7.51,69.71,23.15,22.6,104.3,-55.25,0.58,"F5"
"319",21636,21654,"04 38 57.25","+14 06 20.3",7.96,69.74,14.11,20.81,103.31,-21.62,0.66,"G5"
"320",21652,21670,"04 39 06.10","+07 52 15.6",5.38,69.78,7.87,19.44,91.87,-4.56,0.26,"A5m"
"321",21655,21673,"04 39 09.20","+15 48 00.1",5.08,69.79,15.8,21.49,32.4,-77.67,0.14,"A4m"
"322",21665,21683,"04 39 16.45","+15 55 04.9",4.67,69.82,15.92,20.51,82.4,-19.53,0.15,"A5Vn"
"323",21705,21723,"04 39 50.91","+12 43 42.7",10.04,69.96,12.73,23.95,102,-17.7,1.07,"K5"
"324",21744,21762,"04 40 25.41","+16 30 49.4",9.47,70.11,16.51,23.65,91.94,-30.69,1.1,"K0"
"325",21770,21788,"04 40 49.03","+23 48 35.1",8.84,70.2,23.81,19.48,63.12,-48.26,0.69,"G5"
"326",21900,21918,"04 42 48.79","+12 12 37.1",7.4,70.7,12.21,18.42,80.19,-227.59,0.76,"G5"
"327",21905,21923,"04 42 51.64","+18 43 14.4",7.12,70.72,18.72,23.23,103.46,-92.15,0.68,"G5"
"328",21908,21926,"04 42 52.23","+18 08 42.6",10.27,70.72,18.15,19.22,61.63,-121.96,0.82,"G0"
"329",21928,21946,"04 43 01.37","+18 42 42.7",9.92,70.76,18.71,21.1,100.3,-93,1.12,"K8"
"330",21943,21961,"04 43 13.75","+24 05 20.3",6.18,70.81,24.09,20.03,15.62,-18.3,0.54,"F7IV-V"
"331",21965,21983,"04 43 31.68","+11 09 59.9",10.29,70.88,11.17,21.48,97.8,24.92,1.16,"K8"
"332",22026,22044,"04 44 25.77","+11 08 46.2",5.39,71.11,11.15,20.73,98.87,-13.47,0.25,"F0V"
"333",22049,22067,"04 44 48.24","+05 17 22.3",8.09,71.2,5.29,23.43,-116.07,-43.76,0.86,"G5+..."
"334",22157,22175,"04 46 16.47","+03 16 07.3",7.81,71.57,3.27,31.11,55.17,29.83,0.68,"G0"
"335",22159,22177,"04 46 18.74","+03 38 10.7",10.92,71.58,3.64,22.45,92.59,12.96,1.28,""
"336",22185,22203,"04 46 30.33","+15 28 19.6",8.3,71.63,15.47,19.42,91.37,-24.72,0.67,"G5"
"337",22203,22221,"04 46 45.52","+09 01 02.9",7.24,71.69,9.02,26.26,89.03,-16.73,0.56,"F5"
"338",22206,22224,"04 46 49.40","+17 44 54.3",9.6,71.71,17.75,24.11,96.93,-33.93,0.97,"K0"
"339",22247,22265,"04 47 37.52","+18 15 31.7",8.54,71.91,18.26,19.81,78.87,-38.81,0.72,"G0"
"340",22253,22271,"04 47 41.73","+26 09 01.6",10.61,71.92,26.15,22.07,110.97,-81.58,1.17,"K7III"
"341",22302,22319,"04 48 27.65","+02 42 54.5",6.51,72.12,2.72,21.03,4.94,80.79,0.85,"G5"
"342",22332,22349,"04 48 42.02","+18 42 37.3",6.95,72.18,18.71,32.51,190.15,-384.9,0.62,"G2V..."
"343",22333,22350,"04 48 42.07","+21 06 04.0",9.06,72.18,21.1,19.3,81.87,-46.43,0.84,"G5"
"344",22363,22380,"04 49 03.47","+18 38 28.8",8.98,72.26,18.64,21.38,82.39,-40.86,0.83,"F5"
"345",22377,22394,"04 49 12.93","+24 48 10.7",9.51,72.3,24.8,18.96,85.22,-52.07,1.05,"K3V"
"346",22405,22422,"04 49 32.07","+15 53 19.7",7.72,72.38,15.89,19.68,87.37,-23.68,0.58,"F8"
"347",22480,22496,"04 50 23.87","+17 12 09.9",7.1,72.6,17.2,22.96,102.78,-29.7,0.56,"F8"
"348",22488,22505,"04 50 33.76","+15 05 00.6",7.73,72.64,15.08,23.64,89.49,-20.65,0.74,"G5"
"349",22507,22524,"04 50 48.49","+16 12 37.9",7.29,72.7,16.21,19.3,83.97,-24.87,0.54,"F8"
"350",22533,22550,"04 51 12.48","+11 04 05.0",6.79,72.8,11.07,20.15,87.6,-8.72,0.54,"F6V"
"351",22590,22607,"04 51 49.92","+13 39 18.7",6.3,72.96,13.66,23.91,106.84,-16,0.5,"F5"
"352",22599,22616,"04 51 57.17","+09 52 22.0",6.82,72.99,9.87,18.3,20.57,-29.64,0.42,"F2"
"353",22638,22654,"04 52 23.48","+18 59 49.2",10.29,73.1,19,18.93,78.66,-31.45,1.07,"K0"
"354",22671,22688,"04 52 44.97","+14 37 23.6",7.51,73.19,14.62,19.75,200.05,-37.85,0.64,"G0"
"355",22809,22826,"04 54 43.60","+12 21 08.3",7.13,73.68,12.35,18.58,92.23,-39.95,0.58,"F8"
"356",22828,22845,"04 54 53.70","+10 09 04.1",4.64,73.72,10.15,27.04,40.08,-128.37,0.09,"A0V"
"357",22889,22906,"04 55 41.56","+20 00 10.5",7.98,73.92,20,28.08,173.92,-316.93,0.8,"K0"
"358",22902,22919,"04 55 55.80","+04 40 15.1",7.02,73.98,4.67,27.78,134.42,-183.5,0.56,"F8"
"359",22923,22940,"04 56 10.61","+02 56 05.6",8.43,74.04,2.93,25.5,150.61,-291,0.84,"G5"
"360",22932,22949,"04 56 15.59","+24 35 32.1",6.33,74.06,24.59,23.15,-22.3,-14.19,0.35,"F0"
"361",22940,22957,"04 56 22.32","+13 30 52.5",4.06,74.09,13.51,19.26,-77.77,-45.97,1.16,"K2III"
"362",23010,23027,"04 57 06.44","+24 45 08.0",8.6,74.28,24.75,22.09,-23.64,-7.62,0.71,"G5V"
"363",23052,23069,"04 57 49.46","+14 00 08.0",8.89,74.46,14,19.66,67.17,-19.49,0.74,"G5"
"364",23088,23105,"04 58 17.08","+00 27 14.4",7.2,74.57,0.45,29.85,-159.48,-13.46,0.71,"G5"
"365",23124,23141,"04 58 45.62","+28 47 25.6",9.37,74.69,28.79,18.65,78.16,-185.82,0.9,"G5"
"366",23138,23155,"04 58 53.66","+10 33 18.3",10.96,74.72,10.56,18.28,55.24,-152.87,NA,""
"367",23188,23204,"04 59 36.69","+25 56 09.8",7.29,74.9,25.94,20.2,-84.39,-88.04,0.8,"K0III"
"368",23197,23214,"04 59 44.27","+15 55 00.5",6.75,74.93,15.92,23.09,87.21,-29.19,0.45,"F5V"
"369",23242,23259,"05 00 17.48","+25 08 11.1",8.04,75.07,25.14,26.02,62.05,2.88,0.68,"G2V"
"370",23269,23286,"05 00 33.77","+14 23 01.3",6.75,75.14,14.38,28.49,40.45,52.03,0.67,"G5V"
"371",23271,23287,"05 00 33.93","+03 36 56.9",6.65,75.14,3.62,23.33,10.35,-27.39,-0.05,"B9Vn"
"372",23285,23302,"05 00 42.06","+30 53 49.8",10.84,75.18,30.9,24.66,-71.92,-99.37,1.24,"M0"
"373",23367,23384,"05 01 37.45","+24 38 14.0",8.06,75.41,24.64,25.65,93.73,-268.33,0.69,"G5"
"374",23378,23396,"05 01 44.26","+20 49 48.3",7.99,75.43,20.83,24.38,-65.85,-92.74,0.74,"G0"
"375",23379,23395,"05 01 44.28","+26 40 15.8",6.79,75.43,26.67,25.27,-2.32,43.47,0.51,"G2V"
"376",23385,23402,"05 01 46.33","+26 39 02.4",8.22,75.44,26.65,25.43,-1.93,29.17,0.7,"G5"
"377",23401,23418,"05 01 58.79","+09 58 59.9",11.45,75.49,9.98,31.2,17.18,-81.96,1.54,"M3V:"
"378",23426,23443,"05 02 20.31","+13 54 37.7",7.51,75.58,13.91,26,-10.32,-100.57,0.62,"G0"
"379",23480,23497,"05 03 05.70","+21 35 24.2",4.62,75.77,21.59,20.01,68.94,-40.85,0.16,"A7V"
"380",23481,23498,"05 03 07.62","+13 43 50.6",9,75.78,13.73,18.44,65.95,-18.46,0.77,"K0"
"381",23546,23563,"05 03 59.25","+28 52 39.9",9.79,76,28.88,26.73,220.81,-208.73,1.06,"K8"
"382",23733,23750,"05 06 17.95","+17 48 59.4",8.82,76.57,17.82,18.78,64.38,-31.98,0.73,"K0"
"383",23854,23871,"05 07 48.43","+20 25 06.4",5.28,76.95,20.42,18.8,-49.12,-31.33,0.12,"A5V"
"384",23867,23884,"05 07 55.81","+26 19 41.2",7.6,76.98,26.33,28.38,-69.17,-66.96,0.66,"G5IV"
"385",23966,23983,"05 09 19.60","+09 49 46.6",5.43,77.33,9.83,18.54,63.54,-7.87,0.25,"A2m"
"386",23999,24016,"05 09 43.65","+29 47 55.1",6.67,77.43,29.8,18.79,58.98,-5.42,0.53,"F8V"
"387",24002,24019,"05 09 45.06","+28 01 50.2",5.93,77.44,28.03,18.28,55.86,-60.57,0.31,"A5m"
"388",24003,24020,"05 09 45.44","+28 02 01.6",8.62,77.44,28.03,18.28,103.25,15.87,0.71,"A3"
"389",24004,24021,"05 09 45.88","+07 10 53.6",7.41,77.44,7.18,21.39,51.64,14.61,0.46,"F8"
"390",24018,24035,"05 10 00.74","+27 38 36.2",9.22,77.5,27.64,25.67,207.69,-84.28,0.93,"G5"
"391",24028,24046,"05 10 03.74","+27 33 24.2",6.97,77.52,27.56,24.88,197.69,-88.54,0.51,"F8V"
"392",24051,24069,"05 10 18.02","+09 30 10.5",12.27,77.58,9.5,32.83,56.52,-351.28,1.38,"M0V:"
"393",24160,24177,"05 11 29.76","+10 07 17.6",11.97,77.87,10.12,18.73,-37.88,-216.59,1.46,"M1"
"394",24275,24292,"05 12 47.94","+16 18 27.7",10.55,78.2,16.31,23.35,31.69,-262.46,1.23,""
"395",24284,24301,"05 12 53.21","+19 43 25.7",9.93,78.22,19.72,31.41,366.33,-674.39,1.06,"K5:"
"396",24319,24336,"05 13 25.06","+03 41 13.4",7.82,78.35,3.69,21.36,-36.81,22.24,0.64,"G2V"
"397",24440,24457,"05 14 49.76","+00 42 33.4",9.85,78.71,0.71,26.11,139.46,-200.16,1.12,"K5V"
"398",24541,24558,"05 16 09.06","+16 56 34.1",10.5,79.04,16.94,21.55,-148.64,-161.3,1.09,""
"399",24638,24655,"05 17 25.62","+26 04 49.1",10.4,79.36,26.08,24.03,-19.09,8.27,0.67,""
"400",24643,24660,"05 17 30.73","+14 30 51.2",8.54,79.38,14.51,18.54,11.69,-74.92,0.67,"G5III"
"401",24664,24681,"05 17 40.98","+07 21 13.3",7.31,79.42,7.35,22.22,-3.74,-148.69,0.66,"G0"
"402",24847,24864,"05 19 49.02","+02 30 49.9",7,79.95,2.51,26.68,30.52,-99.17,0.53,"F8V"
"403",24866,24883,"05 20 03.62","+13 32 42.7",7.5,80.02,13.55,18.93,-20.2,-89.59,0.56,"G2III"
"404",24906,24923,"05 20 25.39","+11 36 35.5",9.03,80.11,11.61,18.26,50.64,-13.41,0.77,"K0"
"405",25064,25082,"05 22 11.18","+05 23 43.5",7.01,80.55,5.4,18.46,49.12,-50.64,0.52,"F5"
"406",25109,25127,"05 22 42.71","+13 13 45.1",9.15,80.68,13.23,20.54,15.31,-45.45,0.71,"G5"
"407",25177,25195,"05 23 26.53","+16 58 54.7",8.11,80.86,16.98,19.97,6.43,-152.28,0.61,"F8"
"408",25410,25428,"05 26 17.50","+28 36 28.3",1.65,81.57,28.61,24.89,23.28,-174.22,-0.13,"B7III"
"409",25505,25523,"05 27 29.99","+18 50 47.1",9.58,81.87,18.85,21.24,56.36,-346.11,0.92,""
"410",25842,25860,"05 31 13.80","+15 46 27.7",8.64,82.81,15.77,18.66,-43.48,-373.23,0.67,"G5V"
"411",25855,25873,"05 31 23.44","+12 33 23.1",8.4,82.85,12.56,28,172.35,-136.2,0.81,"G5"
"412",25887,25905,"05 31 44.25","+00 05 59.5",8.36,82.93,0.1,26.21,171.06,-463.72,0.7,"G5V"
"413",25989,26007,"05 33 02.71","+29 23 21.5",12.08,83.26,29.39,27.23,-327.7,-175.69,1.45,"K7"
"414",26000,26018,"05 33 06.98","+20 02 10.6",8.81,83.28,20.04,21.71,-71,-296.53,0.9,"G5"
"415",26178,26196,"05 35 00.71","+28 05 57.0",10.08,83.75,28.1,27.05,214.12,-271.15,1.27,""
"416",26348,26366,"05 36 54.33","+09 17 29.1",4.09,84.23,9.29,28.1,96.84,-304.18,0.95,"G8III-IV"
"417",26363,26381,"05 37 02.54","+20 43 54.5",7.68,84.26,20.73,30.08,-79.75,-419.96,0.67,"G4IV-V"
"418",26364,26382,"05 37 03.71","+17 02 25.5",5.53,84.27,17.04,18.56,42.9,-34.86,0.24,"F0V"
"419",26426,26444,"05 37 37.03","+06 06 44.0",7.64,84.4,6.11,21.01,93.4,-89.05,0.58,"F5"
"420",26633,26651,"05 39 51.50","+24 13 31.3",7.12,84.96,24.23,18.64,-3.06,40.18,0.4,"F3V"
"421",26646,26664,"05 40 01.70","+06 03 40.2",8.67,85.01,6.06,23.32,54.7,-245.76,0.83,"K0"
"422",26744,26762,"05 41 05.59","+00 20 15.7",5.93,85.27,0.34,19.46,12.3,27.76,0.31,"F0IV"
"423",26789,26807,"05 41 34.35","+15 12 51.1",7.67,85.39,15.21,26.51,74.64,-199.6,0.69,"G0"
"424",26846,26864,"05 42 13.32","+07 24 10.4",10.83,85.56,7.4,19.31,-330.36,-360.59,1.04,"K4"
"425",26889,26907,"05 42 45.69","+02 40 49.2",8.55,85.69,2.68,31.9,254.37,-526.9,0.89,"K1V"
"426",27099,27118,"05 45 01.80","+04 00 29.5",6.09,86.26,4.01,19.79,-11,-34.02,0.32,"F0III:n"
"427",27234,27253,"05 46 34.96","+01 10 06.7",5.95,86.65,1.17,23.57,-80.05,-141.79,0.77,"G4V"
"428",27507,27527,"05 49 45.68","+27 07 19.3",8.78,87.44,27.12,28.1,80.4,-273.23,0.93,"K2"
"429",27782,27802,"05 52 59.67","+15 10 14.3",10.39,88.25,15.17,20.53,175.68,103.31,1.4,""
"430",27859,27878,"05 53 58.75","+12 25 12.2",7.76,88.49,12.42,18.64,-8.44,-260.15,0.59,"F8"
"431",28101,28122,"05 56 37.12","+10 33 06.2",9.48,89.15,10.55,23.63,-16.57,10.15,0.72,"G5"
"432",28114,28135,"05 56 48.25","+10 28 47.2",9.85,89.2,10.48,25.08,98.61,-211.1,1.1,"K5V"
"433",28408,28428,"06 00 13.82","+04 50 06.7",7.46,90.06,4.84,18.69,-60.84,136.49,0.64,"G0"
"434",28474,28494,"06 00 53.99","+21 01 18.7",10.02,90.22,21.02,31.56,-35.03,-361.03,1.23,"K8"
"435",28594,28614,"06 02 22.99","+09 38 50.5",4.12,90.6,9.65,21.49,14.19,-37.44,0.17,"Am..."
"436",28699,28736,"06 03 58.98","+23 00 31.7",11.04,91,23.01,25.57,-39.34,-349.47,1.26,""
"437",28715,28734,"06 04 07.22","+23 15 49.1",4.16,91.03,23.26,21.64,-2.6,-119.72,0.84,"G7III"
"438",28791,28813,"06 04 58.18","+14 23 20.0",6.72,91.24,14.39,24.56,84.66,-188.03,0.51,"F6V"
"439",28863,28884,"06 05 55.23","+26 33 20.7",9.42,91.48,26.56,23.97,-179.65,-375.57,0.89,"K2V"
"440",28980,29001,"06 07 09.17","+16 33 22.7",7.34,91.79,16.56,27.97,85.15,-89.52,0.54,"F5"
"441",29042,29063,"06 07 52.28","+08 13 13.0",8.97,91.97,8.22,28.92,40.5,-311.21,0.87,"K2V"
"442",29053,29074,"06 07 59.05","+27 25 42.4",8.02,92,27.43,22.46,25.89,-94.32,0.63,"G0V"
"443",29111,29132,"06 08 40.75","+09 28 41.7",10.39,92.17,9.48,31.69,-65.03,-6.24,1.69,"M0"
"444",29187,29208,"06 09 35.88","+05 40 07.6",8.45,92.4,5.67,33.42,60.4,45.92,0.9,"G0"
